id_venda,id_cliente,id_produto,quantidade,data_venda,valor_total,arquivo_origem,dt_ingestao
1,6,14,5,2025-01-17,124.50,vendas.csv,2026-08-15T00:23:56.492718+00:00
2,13,13,5,2025-04-30,74.50,vendas.csv,2026-08-15T00:23:56.492718+00:00
3,17,9,5,2025-01-03,449.50,vendas.csv,2026-08-15T00:23:56.492718+00:00
4,22,4,5,2025-03-10,999.50,vendas.csv,2026-08-15T00:23:56.492718+00:00
5,25,11,1,2025-03-17,129.90,vendas.csv,2026-08-15T00:23:56.492718+00:00
6,14,6,4,2025-01-01,239.60,vendas.csv,2026-08-15T00:23:56.492718+00:00
7,24,9,5,2025-02-15,449.50,vendas.csv,2026-08-15T00:23:56.492718+00:00
8,17,4,3,2025-06-13,599.70,vendas.csv,2026-08-15T00:23:56.492718+00:00
9,17,7,2,2025-04-06,149.80,vendas.csv,2026-08-15T00:23:56.492718+00:00
10,25,6,5,2025-05-16,299.50,vendas.csv,2026-08-15T00:23:56.492718+00:00
11,30,1,5,2025-03-24,449.50,vendas.csv,2026-08-15T00:23:56.492718+00:00
12,16,1,1,  2025-04-03 , 89.90,vendas.csv,2026-08-15T00:23:56.492718+00:00
13,29,10,2,2025-01-15,79.80,vendas.csv,2026-08-15T00:23:56.492718+00:00
14,8,19,1,2025-01-22,99.90,vendas.csv,2026-08-15T00:23:56.492718+00:00
15,24,16,1,2025-05-17,44.90,vendas.csv,2026-08-15T00:23:56.492718+00:00
16,25,5,2,2025-06-18,"259,80",vendas.csv,2026-08-15T00:23:56.492718+00:00
17,16,18,2,2025-03-09,"139,80",vendas.csv,2026-08-15T00:23:56.492718+00:00
18,17,14,2,2025-05-19,49.80,vendas.csv,2026-08-15T00:23:56.492718+00:00
19,25,7,3,2025-04-13,224.70,vendas.csv,2026-08-15T00:23:56.492718+00:00
20,22,12,4,13/05/2025,639.60,vendas.csv,2026-08-15T00:23:56.492718+00:00
21,15,4,,2025-02-27,399.80,vendas.csv,2026-08-15T00:23:56.492718+00:00
22,3,11,1,2025-05-31,"129,90",vendas.csv,2026-08-15T00:23:56.492718+00:00
23,18,8,5,2025-02-26,149.50,vendas.csv,2026-08-15T00:23:56.492718+00:00
24,1,3,1,28/02/2025,39.90,vendas.csv,2026-08-15T00:23:56.492718+00:00
25,3,2,3,19/01/2025,149.70,vendas.csv,2026-08-15T00:23:56.492718+00:00
26,17,8,3,21/06/2025,89.70,vendas.csv,2026-08-15T00:23:56.492718+00:00
27,16,7,5,2025-02-03,374.50,vendas.csv,2026-08-15T00:23:56.492718+00:00
28,24,19,5,2025-05-02,499.50,vendas.csv,2026-08-15T00:23:56.492718+00:00
29,8,16,4,2025-02-18,"179,60",vendas.csv,2026-08-15T00:23:56.492718+00:00
30,4,4,4,01/04/2025,799.60,vendas.csv,2026-08-15T00:23:56.492718+00:00
31,14,14,4,  14/01/2025 , 99.60,vendas.csv,2026-08-15T00:23:56.492718+00:00
32,22,4,1,14/04/2025,199.90,vendas.csv,2026-08-15T00:23:56.492718+00:00
33,24,11,1,2025-03-05,129.90,vendas.csv,2026-08-15T00:23:56.492718+00:00
34,7,7,5,2025-04-25,374.50,vendas.csv,2026-08-15T00:23:56.492718+00:00
35,5,14,2,2025-03-13,49.80,vendas.csv,2026-08-15T00:23:56.492718+00:00
36,15,8,1,24/04/2025,,vendas.csv,2026-08-15T00:23:56.492718+00:00
37,26,18,1,2025-01-13,69.90,vendas.csv,2026-08-15T00:23:56.492718+00:00
38,21,18,,24/01/2025,,vendas.csv,2026-08-15T00:23:56.492718+00:00
39,30,8,2,2025-04-15,59.80,vendas.csv,2026-08-15T00:23:56.492718+00:00
40,16,16,,2025-04-13,,vendas.csv,2026-08-15T00:23:56.492718+00:00
41,29,2,2,2025-04-08,99.80,vendas.csv,2026-08-15T00:23:56.492718+00:00
42,9999,13,3,2025-04-27,44.70,vendas.csv,2026-08-15T00:23:56.492718+00:00
43,10,14,5,2025-06-19,124.50,vendas.csv,2026-08-15T00:23:56.492718+00:00
44,23,16,2,2025-02-18,89.80,vendas.csv,2026-08-15T00:23:56.492718+00:00
45,10,7,1,29/05/2025,74.90,vendas.csv,2026-08-15T00:23:56.492718+00:00
46,24,18,1,2025-03-22,69.90,vendas.csv,2026-08-15T00:23:56.492718+00:00
47,2,2,5,03/05/2025,249.50,vendas.csv,2026-08-15T00:23:56.492718+00:00
48,17,17,2,2025-01-15,99.80,vendas.csv,2026-08-15T00:23:56.492718+00:00
49,17,3,2,18/01/2025,79.80,vendas.csv,2026-08-15T00:23:56.492718+00:00
50,20,3,2,2025-04-14,79.80,vendas.csv,2026-08-15T00:23:56.492718+00:00
51,4,19,2,2025-05-29,199.80,vendas.csv,2026-08-15T00:23:56.492718+00:00
52,20,2,5,2025-01-21,,vendas.csv,2026-08-15T00:23:56.492718+00:00
53,14,19,5,14/05/2025,499.50,vendas.csv,2026-08-15T00:23:56.492718+00:00
54,11,9,2,2025-06-21,179.80,vendas.csv,2026-08-15T00:23:56.492718+00:00
55,23,11,2,2025-03-09,259.80,vendas.csv,2026-08-15T00:23:56.492718+00:00
56,13,5,3,2025-04-28,389.70,vendas.csv,2026-08-15T00:23:56.492718+00:00
57,11,3,1,2025-04-28,39.90,vendas.csv,2026-08-15T00:23:56.492718+00:00
58,20,19,1,2025-01-19,99.90,vendas.csv,2026-08-15T00:23:56.492718+00:00
59,18,7,5,2025-03-09,374.50,vendas.csv,2026-08-15T00:23:56.492718+00:00
60,5,12,1,  2025-03-04 ," 159,90",vendas.csv,2026-08-15T00:23:56.492718+00:00
61,12,10,,23/04/2025,79.80,vendas.csv,2026-08-15T00:23:56.492718+00:00
62,27,18,3,2025-06-06,209.70,vendas.csv,2026-08-15T00:23:56.492718+00:00
63,26,17,1,2025-06-20,49.90,vendas.csv,2026-08-15T00:23:56.492718+00:00
64,27,18,3,19/06/2025,209.70,vendas.csv,2026-08-15T00:23:56.492718+00:00
65,4,5,3,2025-01-30,389.70,vendas.csv,2026-08-15T00:23:56.492718+00:00
66,29,4,5,2025-02-09,999.50,vendas.csv,2026-08-15T00:23:56.492718+00:00
67,9,10,5,  2025-02-23 , 199.50,vendas.csv,2026-08-15T00:23:56.492718+00:00
68,23,11,2,2025-06-25,"259,80",vendas.csv,2026-08-15T00:23:56.492718+00:00
69,21,9,5,06/05/2025,449.50,vendas.csv,2026-08-15T00:23:56.492718+00:00
70,9,2,1,2025-06-12,49.90,vendas.csv,2026-08-15T00:23:56.492718+00:00
71,14,9,1,2025-01-01,89.90,vendas.csv,2026-08-15T00:23:56.492718+00:00
72,11,5,3,2025-02-11,389.70,vendas.csv,2026-08-15T00:23:56.492718+00:00
73,24,15,5,2025-06-30,164.50,vendas.csv,2026-08-15T00:23:56.492718+00:00
74,14,18,1,29/01/2025,69.90,vendas.csv,2026-08-15T00:23:56.492718+00:00
75,3,5,0,2025-01-10,649.50,vendas.csv,2026-08-15T00:23:56.492718+00:00
76,27,12,5,2025-05-22,799.50,vendas.csv,2026-08-15T00:23:56.492718+00:00
77,5,14,2,2025-01-11,49.80,vendas.csv,2026-08-15T00:23:56.492718+00:00
78,10,12,,02/04/2025,159.90,vendas.csv,2026-08-15T00:23:56.492718+00:00
79,7,8,1,2025-04-01,29.90,vendas.csv,2026-08-15T00:23:56.492718+00:00
80,25,18,4,2025-06-08,279.60,vendas.csv,2026-08-15T00:23:56.492718+00:00
81,24,5,2,2025-02-11,"259,80",vendas.csv,2026-08-15T00:23:56.492718+00:00
82,26,6,4,2025-01-07,"239,60",vendas.csv,2026-08-15T00:23:56.492718+00:00
83,6,11,4,2025-06-21,519.60,vendas.csv,2026-08-15T00:23:56.492718+00:00
84,28,8,3,2025-02-10,89.70,vendas.csv,2026-08-15T00:23:56.492718+00:00
85,26,4,,2025-01-10,799.60,vendas.csv,2026-08-15T00:23:56.492718+00:00
86,9999,16,2,2025-02-21,89.80,vendas.csv,2026-08-15T00:23:56.492718+00:00
87,27,15,3,  2025-03-20 , 98.70,vendas.csv,2026-08-15T00:23:56.492718+00:00
88,27,8,2,2025-01-07,59.80,vendas.csv,2026-08-15T00:23:56.492718+00:00
89,22,7,4,2025-03-26,299.60,vendas.csv,2026-08-15T00:23:56.492718+00:00
90,9,3,3,2025-03-31,119.70,vendas.csv,2026-08-15T00:23:56.492718+00:00
91,21,17,4,2025-06-23,199.60,vendas.csv,2026-08-15T00:23:56.492718+00:00
92,27,18,3,2025-01-08,209.70,vendas.csv,2026-08-15T00:23:56.492718+00:00
93,4,9,2,29/05/2025,179.80,vendas.csv,2026-08-15T00:23:56.492718+00:00
94,9,2,1,2025-06-02,49.90,vendas.csv,2026-08-15T00:23:56.492718+00:00
95,14,12,3,2025-04-22,479.70,vendas.csv,2026-08-15T00:23:56.492718+00:00
96,20,17,1,2025-04-09,"49,90",vendas.csv,2026-08-15T00:23:56.492718+00:00
97,29,19,2,07/03/2025,199.80,vendas.csv,2026-08-15T00:23:56.492718+00:00
98,2,14,1,2025-05-14,24.90,vendas.csv,2026-08-15T00:23:56.492718+00:00
99,30,18,2,2025-04-04,139.80,vendas.csv,2026-08-15T00:23:56.492718+00:00
100,14,3,3,2025-06-09,119.70,vendas.csv,2026-08-15T00:23:56.492718+00:00
101,11,4,3,2025-05-10,"599,70",vendas.csv,2026-08-15T00:23:56.492718+00:00
102,10,14,3,2025-04-14,74.70,vendas.csv,2026-08-15T00:23:56.492718+00:00
103,23,10,5,2025-02-02,199.50,vendas.csv,2026-08-15T00:23:56.492718+00:00
104,7,14,4,2025-06-23,99.60,vendas.csv,2026-08-15T00:23:56.492718+00:00
105,24,6,5,2025-05-26,299.50,vendas.csv,2026-08-15T00:23:56.492718+00:00
106,10,13,5,2025-01-01,74.50,vendas.csv,2026-08-15T00:23:56.492718+00:00
107,10,10,2,2025-04-21,79.80,vendas.csv,2026-08-15T00:23:56.492718+00:00
108,26,19,5,2025-06-17,499.50,vendas.csv,2026-08-15T00:23:56.492718+00:00
109,11,15,4,2025-04-24,131.60,vendas.csv,2026-08-15T00:23:56.492718+00:00
110,22,7,5,02/05/2025,374.50,vendas.csv,2026-08-15T00:23:56.492718+00:00
111,26,6,1,2025-03-14,59.90,vendas.csv,2026-08-15T00:23:56.492718+00:00
112,17,11,1,  2025-03-02 , 129.90,vendas.csv,2026-08-15T00:23:56.492718+00:00
113,22,10,2,2025-02-20,79.80,vendas.csv,2026-08-15T00:23:56.492718+00:00
114,5,1,1,04/03/2025,89.90,vendas.csv,2026-08-15T00:23:56.492718+00:00
115,16,3,4,17/04/2025,159.60,vendas.csv,2026-08-15T00:23:56.492718+00:00
116,29,19,2,2025-06-28,"199,80",vendas.csv,2026-08-15T00:23:56.492718+00:00
117,13,16,4,2025-03-04,179.60,vendas.csv,2026-08-15T00:23:56.492718+00:00
118,5,1,1,2025-04-19,89.90,vendas.csv,2026-08-15T00:23:56.492718+00:00
119,8,6,5,2025-04-29,"299,50",vendas.csv,2026-08-15T00:23:56.492718+00:00
120,2,18,2,2025-02-01,139.80,vendas.csv,2026-08-15T00:23:56.492718+00:00
121,15,5,4,2025-06-20,519.60,vendas.csv,2026-08-15T00:23:56.492718+00:00
122,17,18,5,2025-03-23,349.50,vendas.csv,2026-08-15T00:23:56.492718+00:00
123,25,15,5,2025-05-10,164.50,vendas.csv,2026-08-15T00:23:56.492718+00:00
124,14,18,4,10/02/2025,279.60,vendas.csv,2026-08-15T00:23:56.492718+00:00
125,24,16,4,2025-03-08,179.60,vendas.csv,2026-08-15T00:23:56.492718+00:00
126,25,8,3,2025-05-14,89.70,vendas.csv,2026-08-15T00:23:56.492718+00:00
127,16,8,3,  2025-04-23 , 89.70,vendas.csv,2026-08-15T00:23:56.492718+00:00
128,3,10,2,2025-03-11,79.80,vendas.csv,2026-08-15T00:23:56.492718+00:00
129,11,11,5,2025-01-21,649.50,vendas.csv,2026-08-15T00:23:56.492718+00:00
130,5,5,2,2025-04-09,259.80,vendas.csv,2026-08-15T00:23:56.492718+00:00
131,23,5,2,2025-01-17,259.80,vendas.csv,2026-08-15T00:23:56.492718+00:00
132,14,14,3,2025-05-19,74.70,vendas.csv,2026-08-15T00:23:56.492718+00:00
133,15,14,1,2025-02-22,24.90,vendas.csv,2026-08-15T00:23:56.492718+00:00
134,27,14,4,2025-05-30,"99,60",vendas.csv,2026-08-15T00:23:56.492718+00:00
135,23,1,5,2025-04-08,449.50,vendas.csv,2026-08-15T00:23:56.492718+00:00
136,16,1,3,2025-03-18,269.70,vendas.csv,2026-08-15T00:23:56.492718+00:00
137,25,13,4,2025-05-18,59.60,vendas.csv,2026-08-15T00:23:56.492718+00:00
138,24,18,5,2025-02-26,349.50,vendas.csv,2026-08-15T00:23:56.492718+00:00
139,16,8,3,2025-04-22,89.70,vendas.csv,2026-08-15T00:23:56.492718+00:00
140,16,1,4,2025-03-28,359.60,vendas.csv,2026-08-15T00:23:56.492718+00:00
141,22,13,2,2025-04-30,"29,80",vendas.csv,2026-08-15T00:23:56.492718+00:00
142,30,5,5,2025-05-17,649.50,vendas.csv,2026-08-15T00:23:56.492718+00:00
143,1,13,5,2025-05-25,74.50,vendas.csv,2026-08-15T00:23:56.492718+00:00
144,22,1,1,2025-06-14,"89,90",vendas.csv,2026-08-15T00:23:56.492718+00:00
145,14,5,4,2025-02-16,519.60,vendas.csv,2026-08-15T00:23:56.492718+00:00
146,2,9,4,2025-03-25,359.60,vendas.csv,2026-08-15T00:23:56.492718+00:00
147,7,15,3,2025-03-28,98.70,vendas.csv,2026-08-15T00:23:56.492718+00:00
148,25,13,,  2025-04-18 , 44.70,vendas.csv,2026-08-15T00:23:56.492718+00:00
149,9,3,4,05/01/2025,159.60,vendas.csv,2026-08-15T00:23:56.492718+00:00
150,24,18,0,2025-03-31,69.90,vendas.csv,2026-08-15T00:23:56.492718+00:00
151,8,3,1,2025-01-08,39.90,vendas.csv,2026-08-15T00:23:56.492718+00:00
152,8,7,1,2025-06-09,74.90,vendas.csv,2026-08-15T00:23:56.492718+00:00
153,5,8,2,2025-05-02,"59,80",vendas.csv,2026-08-15T00:23:56.492718+00:00
154,22,4,5,2025-02-25,999.50,vendas.csv,2026-08-15T00:23:56.492718+00:00
155,15,9,3,2025-02-12,,vendas.csv,2026-08-15T00:23:56.492718+00:00
156,20,4,2,2025-03-21,399.80,vendas.csv,2026-08-15T00:23:56.492718+00:00
157,4,19,1,2025-03-21,99.90,vendas.csv,2026-08-15T00:23:56.492718+00:00
158,19,13,4,20/02/2025,59.60,vendas.csv,2026-08-15T00:23:56.492718+00:00
159,3,19,2,2025-01-27,199.80,vendas.csv,2026-08-15T00:23:56.492718+00:00
160,23,10,5,2025-01-31,199.50,vendas.csv,2026-08-15T00:23:56.492718+00:00
161,26,19,1,2025-03-30,99.90,vendas.csv,2026-08-15T00:23:56.492718+00:00
162,18,14,3,2025-01-18,,vendas.csv,2026-08-15T00:23:56.492718+00:00
163,17,11,1,2025-04-18,"129,90",vendas.csv,2026-08-15T00:23:56.492718+00:00
164,27,16,1,2025-04-21,44.90,vendas.csv,2026-08-15T00:23:56.492718+00:00
165,12,15,2,2025-04-22,65.80,vendas.csv,2026-08-15T00:23:56.492718+00:00
166,6,17,3,07/06/2025,149.70,vendas.csv,2026-08-15T00:23:56.492718+00:00
167,26,18,4,2025-04-30,279.60,vendas.csv,2026-08-15T00:23:56.492718+00:00
168,14,19,3,2025-03-24,"299,70",vendas.csv,2026-08-15T00:23:56.492718+00:00
169,28,8,1,2025-03-13,29.90,vendas.csv,2026-08-15T00:23:56.492718+00:00
170,29,15,2,2025-04-29,65.80,vendas.csv,2026-08-15T00:23:56.492718+00:00
171,19,13,3,2025-01-08,44.70,vendas.csv,2026-08-15T00:23:56.492718+00:00
172,16,11,2,2025-05-05,"259,80",vendas.csv,2026-08-15T00:23:56.492718+00:00
173,7,12,3,2025-03-29,479.70,vendas.csv,2026-08-15T00:23:56.492718+00:00
174,9,9,5,2025-01-03,449.50,vendas.csv,2026-08-15T00:23:56.492718+00:00
175,17,7,1,2025-03-03,"74,90",vendas.csv,2026-08-15T00:23:56.492718+00:00
176,24,14,,2025-05-23,99.60,vendas.csv,2026-08-15T00:23:56.492718+00:00
177,25,8,4,2025-06-15,"119,60",vendas.csv,2026-08-15T00:23:56.492718+00:00
178,23,16,4,  2025-01-05 , 179.60,vendas.csv,2026-08-15T00:23:56.492718+00:00
179,3,10,2,2025-04-14,79.80,vendas.csv,2026-08-15T00:23:56.492718+00:00
180,23,8,3,2025-06-19,,vendas.csv,2026-08-15T00:23:56.492718+00:00
181,19,12,4,2025-05-22,639.60,vendas.csv,2026-08-15T00:23:56.492718+00:00
182,17,12,4,  2025-05-21 , ,vendas.csv,2026-08-15T00:23:56.492718+00:00
183,11,12,4,2025-03-11,639.60,vendas.csv,2026-08-15T00:23:56.492718+00:00
184,10,9,2,2025-01-31,179.80,vendas.csv,2026-08-15T00:23:56.492718+00:00
185,24,7,3,2025-01-31,224.70,vendas.csv,2026-08-15T00:23:56.492718+00:00
186,24,18,2,2025-02-19,"139,80",vendas.csv,2026-08-15T00:23:56.492718+00:00
187,7,16,3,2025-05-31,134.70,vendas.csv,2026-08-15T00:23:56.492718+00:00
188,25,17,5,14/03/2025,249.50,vendas.csv,2026-08-15T00:23:56.492718+00:00
189,4,7,3,2025-02-28,224.70,vendas.csv,2026-08-15T00:23:56.492718+00:00
190,12,6,3,2025-01-04,179.70,vendas.csv,2026-08-15T00:23:56.492718+00:00
191,23,18,2,2025-03-12,139.80,vendas.csv,2026-08-15T00:23:56.492718+00:00
192,2,2,5,2025-03-16,249.50,vendas.csv,2026-08-15T00:23:56.492718+00:00
193,23,5,4,2025-01-27,519.60,vendas.csv,2026-08-15T00:23:56.492718+00:00
194,28,1,5,2025-03-14,449.50,vendas.csv,2026-08-15T00:23:56.492718+00:00
195,16,16,4,2025-03-29,179.60,vendas.csv,2026-08-15T00:23:56.492718+00:00
196,6,2,3,2025-05-03,149.70,vendas.csv,2026-08-15T00:23:56.492718+00:00
197,4,3,4,2025-05-06,,vendas.csv,2026-08-15T00:23:56.492718+00:00
198,3,19,1,2025-02-08,99.90,vendas.csv,2026-08-15T00:23:56.492718+00:00
199,5,19,3,2025-01-22,299.70,vendas.csv,2026-08-15T00:23:56.492718+00:00
200,8,4,5,2025-04-17,999.50,vendas.csv,2026-08-15T00:23:56.492718+00:00
201,20,8,5,  2025-04-08 , 149.50,vendas.csv,2026-08-15T00:23:56.492718+00:00
202,15,15,3,2025-05-31,,vendas.csv,2026-08-15T00:23:56.492718+00:00
203,14,10,5,08/06/2025,199.50,vendas.csv,2026-08-15T00:23:56.492718+00:00
204,2,4,2,  10/06/2025 , 399.80,vendas.csv,2026-08-15T00:23:56.492718+00:00
205,7,9,1,2025-02-10,"89,90",vendas.csv,2026-08-15T00:23:56.492718+00:00
206,9999,6,5,2025-01-20,299.50,vendas.csv,2026-08-15T00:23:56.492718+00:00
207,6,1,4,2025-04-26,359.60,vendas.csv,2026-08-15T00:23:56.492718+00:00
208,23,16,3,2025-01-09,134.70,vendas.csv,2026-08-15T00:23:56.492718+00:00
209,8,10,3,2025-06-29,"119,70",vendas.csv,2026-08-15T00:23:56.492718+00:00
210,28,15,1,2025-06-25,32.90,vendas.csv,2026-08-15T00:23:56.492718+00:00
211,8,9,5,2025-06-19,449.50,vendas.csv,2026-08-15T00:23:56.492718+00:00
212,26,7,4,2025-01-30,299.60,vendas.csv,2026-08-15T00:23:56.492718+00:00
213,18,8,2,2025-03-10,"59,80",vendas.csv,2026-08-15T00:23:56.492718+00:00
214,27,5,1,2025-01-16,129.90,vendas.csv,2026-08-15T00:23:56.492718+00:00
215,6,10,,26/05/2025,199.50,vendas.csv,2026-08-15T00:23:56.492718+00:00
216,30,10,,2025-02-01,159.60,vendas.csv,2026-08-15T00:23:56.492718+00:00
217,15,10,4,2025-03-11,159.60,vendas.csv,2026-08-15T00:23:56.492718+00:00
218,17,18,4,23/04/2025,279.60,vendas.csv,2026-08-15T00:23:56.492718+00:00
219,3,2,4,2025-03-24,199.60,vendas.csv,2026-08-15T00:23:56.492718+00:00
220,20,9,1,2025-01-24,89.90,vendas.csv,2026-08-15T00:23:56.492718+00:00
221,8,19,5,2025-01-06,499.50,vendas.csv,2026-08-15T00:23:56.492718+00:00
222,25,9,5,2025-01-11,449.50,vendas.csv,2026-08-15T00:23:56.492718+00:00
223,25,6,4,13/05/2025,,vendas.csv,2026-08-15T00:23:56.492718+00:00
224,21,15,3,2025-02-16,98.70,vendas.csv,2026-08-15T00:23:56.492718+00:00
225,19,14,4,2025-01-24,99.60,vendas.csv,2026-08-15T00:23:56.492718+00:00
226,16,12,4,2025-03-27,639.60,vendas.csv,2026-08-15T00:23:56.492718+00:00
227,11,4,2,2025-03-26,399.80,vendas.csv,2026-08-15T00:23:56.492718+00:00
228,14,16,3,2025-06-19,134.70,vendas.csv,2026-08-15T00:23:56.492718+00:00
229,13,18,1,2025-04-27,69.90,vendas.csv,2026-08-15T00:23:56.492718+00:00
230,9999,11,,2025-03-24,389.70,vendas.csv,2026-08-15T00:23:56.492718+00:00
231,4,13,5,2025-01-01,74.50,vendas.csv,2026-08-15T00:23:56.492718+00:00
232,22,18,0,2025-04-16,"279,60",vendas.csv,2026-08-15T00:23:56.492718+00:00
233,2,7,5,2025-04-03,"374,50",vendas.csv,2026-08-15T00:23:56.492718+00:00
234,20,16,4,2025-01-14,179.60,vendas.csv,2026-08-15T00:23:56.492718+00:00
235,7,9,5,2025-02-03,449.50,vendas.csv,2026-08-15T00:23:56.492718+00:00
236,30,10,4,2025-06-28,159.60,vendas.csv,2026-08-15T00:23:56.492718+00:00
237,16,4,1,  2025-06-11 ," 199,90",vendas.csv,2026-08-15T00:23:56.492718+00:00
238,20,8,2,2025-03-21,59.80,vendas.csv,2026-08-15T00:23:56.492718+00:00
239,18,1,5,2025-04-15,449.50,vendas.csv,2026-08-15T00:23:56.492718+00:00
240,3,8,1,2025-04-29,29.90,vendas.csv,2026-08-15T00:23:56.492718+00:00
241,4,5,4,2025-03-16,519.60,vendas.csv,2026-08-15T00:23:56.492718+00:00
242,17,9,4,2025-05-04,359.60,vendas.csv,2026-08-15T00:23:56.492718+00:00
243,16,8,4,2025-05-22,119.60,vendas.csv,2026-08-15T00:23:56.492718+00:00
244,5,13,2,2025-06-03,29.80,vendas.csv,2026-08-15T00:23:56.492718+00:00
245,17,5,1,2025-03-12,129.90,vendas.csv,2026-08-15T00:23:56.492718+00:00
246,25,14,3,2025-05-10,74.70,vendas.csv,2026-08-15T00:23:56.492718+00:00
247,9,1,3,2025-03-18,269.70,vendas.csv,2026-08-15T00:23:56.492718+00:00
248,27,19,5,2025-06-18,499.50,vendas.csv,2026-08-15T00:23:56.492718+00:00
249,16,5,4,2025-05-18,519.60,vendas.csv,2026-08-15T00:23:56.492718+00:00
250,16,12,3,2025-05-22,479.70,vendas.csv,2026-08-15T00:23:56.492718+00:00
251,25,18,,2025-04-27,279.60,vendas.csv,2026-08-15T00:23:56.492718+00:00
252,30,11,2,2025-06-28,259.80,vendas.csv,2026-08-15T00:23:56.492718+00:00
253,8,19,4,  2025-03-01 , 399.60,vendas.csv,2026-08-15T00:23:56.492718+00:00
254,28,14,,2025-03-23,24.90,vendas.csv,2026-08-15T00:23:56.492718+00:00
255,24,16,4,  2025-04-09 , 179.60,vendas.csv,2026-08-15T00:23:56.492718+00:00
256,22,5,4,2025-01-10,519.60,vendas.csv,2026-08-15T00:23:56.492718+00:00
257,5,17,5,2025-03-26,,vendas.csv,2026-08-15T00:23:56.492718+00:00
258,28,4,4,2025-01-26,799.60,vendas.csv,2026-08-15T00:23:56.492718+00:00
259,17,15,1,2025-02-06,32.90,vendas.csv,2026-08-15T00:23:56.492718+00:00
260,14,5,1,01/05/2025,129.90,vendas.csv,2026-08-15T00:23:56.492718+00:00
261,26,9,3,2025-06-09,269.70,vendas.csv,2026-08-15T00:23:56.492718+00:00
262,23,13,1,2025-03-26,,vendas.csv,2026-08-15T00:23:56.492718+00:00
263,28,18,,2025-03-23,279.60,vendas.csv,2026-08-15T00:23:56.492718+00:00
264,21,16,5,2025-01-10,224.50,vendas.csv,2026-08-15T00:23:56.492718+00:00
265,20,3,2,2025-06-11,79.80,vendas.csv,2026-08-15T00:23:56.492718+00:00
266,22,10,2,2025-01-24,79.80,vendas.csv,2026-08-15T00:23:56.492718+00:00
267,14,4,1,2025-04-24,199.90,vendas.csv,2026-08-15T00:23:56.492718+00:00
268,6,10,1,2025-01-12,39.90,vendas.csv,2026-08-15T00:23:56.492718+00:00
269,11,2,,2025-04-02,"149,70",vendas.csv,2026-08-15T00:23:56.492718+00:00
270,12,14,2,2025-03-04,49.80,vendas.csv,2026-08-15T00:23:56.492718+00:00
271,17,14,5,2025-06-24,"124,50",vendas.csv,2026-08-15T00:23:56.492718+00:00
272,26,6,2,2025-02-14,119.80,vendas.csv,2026-08-15T00:23:56.492718+00:00
273,3,13,5,2025-06-24,,vendas.csv,2026-08-15T00:23:56.492718+00:00
274,8,16,5,2025-02-06,224.50,vendas.csv,2026-08-15T00:23:56.492718+00:00
275,8,15,3,28/04/2025,98.70,vendas.csv,2026-08-15T00:23:56.492718+00:00
276,9,1,4,2025-03-15,359.60,vendas.csv,2026-08-15T00:23:56.492718+00:00
277,22,18,2,19/01/2025,139.80,vendas.csv,2026-08-15T00:23:56.492718+00:00
278,15,12,5,2025-03-18,799.50,vendas.csv,2026-08-15T00:23:56.492718+00:00
279,21,14,3,2025-04-27,74.70,vendas.csv,2026-08-15T00:23:56.492718+00:00
280,28,10,2,2025-04-09,79.80,vendas.csv,2026-08-15T00:23:56.492718+00:00
281,28,16,1,2025-03-02,44.90,vendas.csv,2026-08-15T00:23:56.492718+00:00
282,9999,19,3,2025-05-28,299.70,vendas.csv,2026-08-15T00:23:56.492718+00:00
283,10,10,1,18/06/2025,39.90,vendas.csv,2026-08-15T00:23:56.492718+00:00
284,13,9,1,2025-05-25,89.90,vendas.csv,2026-08-15T00:23:56.492718+00:00
285,28,2,5,2025-05-08,,vendas.csv,2026-08-15T00:23:56.492718+00:00
286,27,10,2,05/06/2025,79.80,vendas.csv,2026-08-15T00:23:56.492718+00:00
287,26,12,2,12/06/2025,319.80,vendas.csv,2026-08-15T00:23:56.492718+00:00
288,7,9,2,2025-06-10,179.80,vendas.csv,2026-08-15T00:23:56.492718+00:00
289,4,2,3,2025-04-23,149.70,vendas.csv,2026-08-15T00:23:56.492718+00:00
290,2,19,3,03/02/2025,299.70,vendas.csv,2026-08-15T00:23:56.492718+00:00
291,3,10,3,2025-04-17,119.70,vendas.csv,2026-08-15T00:23:56.492718+00:00
292,6,7,2,2025-05-19,149.80,vendas.csv,2026-08-15T00:23:56.492718+00:00
293,29,12,5,09/05/2025,799.50,vendas.csv,2026-08-15T00:23:56.492718+00:00
294,30,9,2,2025-03-07,179.80,vendas.csv,2026-08-15T00:23:56.492718+00:00
295,30,16,3,2025-03-28,134.70,vendas.csv,2026-08-15T00:23:56.492718+00:00
296,26,4,4,20/01/2025,799.60,vendas.csv,2026-08-15T00:23:56.492718+00:00
297,5,8,4,2025-05-23,119.60,vendas.csv,2026-08-15T00:23:56.492718+00:00
298,12,3,4,04/01/2025,159.60,vendas.csv,2026-08-15T00:23:56.492718+00:00
299,9,18,1,27/04/2025,69.90,vendas.csv,2026-08-15T00:23:56.492718+00:00
300,12,9,5,08/04/2025,449.50,vendas.csv,2026-08-15T00:23:56.492718+00:00
282,9999,19,3,2025-05-28,299.70,vendas.csv,2026-08-15T00:23:56.492718+00:00
143,1,13,5,2025-05-25,74.50,vendas.csv,2026-08-15T00:23:56.492718+00:00
213,18,8,2,2025-03-10,"59,80",vendas.csv,2026-08-15T00:23:56.492718+00:00
184,10,9,2,2025-01-31,179.80,vendas.csv,2026-08-15T00:23:56.492718+00:00
195,16,16,4,2025-03-29,179.60,vendas.csv,2026-08-15T00:23:56.492718+00:00
119,8,6,5,2025-04-29,"299,50",vendas.csv,2026-08-15T00:23:56.492718+00:00
78,10,12,,02/04/2025,159.90,vendas.csv,2026-08-15T00:23:56.492718+00:00
43,10,14,5,2025-06-19,124.50,vendas.csv,2026-08-15T00:23:56.492718+00:00
